nombre,zona,telefono,email,tiene_web,contacto_verificado,notas,estado_email,estado_prospecting
"Electricista Test 1","La Boca","(011) 4301-8349","electricidadlgs@yahoo.com.ar","No","Sí","Buen rating en Google Maps, atiende 24hs","Verificado","Listo para email"
"Electricista Test 2","Almagro","(011) 4983-8581","electricista.almagro24@hotmail.com","No","Sí","24hs, buena presencia local","Verificado","Listo para email"
"","","","","","","","",""
"","","","","","","","",""
"","","","","","","","",""
"","","","","","","","",""
"","","","","","","","",""
"","","","","","","","",""
"","","","","","","","",""
"","","","","","","","",""
"","","","","","","","",""
"","","","","","","","",""
"","","","","","","","",""
"","","","","","","","",""
"","","","","","","","",""
"","","","","","","","",""
"","","","","","","","",""
"","","","","","","","",""
"","","","","","","","",""
"","","","","","","","",""
"","","","","","","","",""
"","","","","","","","",""
"","","","","","","","",""
"","","","","","","","",""
"","","","","","","","",""
