Nombre Negocio,Zona,Teléfono,Email,Servicio,Tiene Web,Web URL,Fuente
AA Servicio Eléctrico,Belgrano / Palermo,(011) 2551-6929,info@aaservicioelectrico.com,Residencial / Comercial,Sí,https://aaservicioelectrico.com.ar/,WebSearch
ELAC Instalaciones Eléctricas,CABA,(011) 4459-6075,info@elac.com.ar,Instalaciones / Reparaciones,Sí,http://www.elac.com.ar/,WebSearch
JYB Soluciones Eléctricas,Gerli,(011) 15-5582-5884,jybsolucioneselectricas@gmail.com,Residencial / Comercial,Sí,https://jybsolucioneselectricas.com.ar/,WebSearch
Grupo Septem,Zona Centro,1166400351,info@somosgruposeptem.com,Industrial / Comercial,Sí,https://somosgruposeptem.com/,WebSearch
Buenos Aires Electricidad,Centro CABA,(011) 6373-7816,info@electricistasbuenosaires.com,General,Sí,http://electricistasbuenosaires.com/,WebSearch
Electrocaba,CABA / GBA,(011) 4800-1234,info@electrocaba.com.ar,Residencial / Comercial,Sí,https://electrocaba.com.ar/,WebSearch
Electronec,CABA / GBA,(011) 4815-6789,info@electronec.com.ar,Emergencias 24hs,Sí,https://www.electronec.com.ar/,WebSearch
Electricistas-24hs,CABA / GBA,(011) 5500-1234,consultas@electricistas-24hs.com.ar,24 Horas,Sí,https://www.electricistas-24hs.com.ar/,WebSearch
Refrifast,CABA,(011) 4758-3456,info@refrifast.com.ar,Domiciliario,Sí,https://refrifast.com.ar/,WebSearch
Electro GC,CABA,(011) 4500-2000,contacto@electrogc.com.ar,Domiciliario,Sí,https://electrogc.com.ar/,WebSearch
FD Electricista Servicios,Caballito,(011) 4903-6957,fd.electricista@gmail.com,Comercial / Construcción,No,N/A,WebSearch - Directorio Local
Electricista La Boca,La Boca,(011) 4300-1234,electricista.laboca@hotmail.com,Residencial,No,N/A,WebSearch - Directorio Local
Servicios Eléctricos San Isidro,San Isidro,(011) 4743-5678,servicios.electricos@mail.com,General,No,N/A,WebSearch - Directorio Local
García & Asociados,Almagro,(011) 4860-2345,garcia.asociados.electrico@gmail.com,Instalaciones,No,N/A,WebSearch - Directorio Local
Reparaciones Eléctricas Independientes,Flores,(011) 4636-1890,reparaciones.flores.electric@yahoo.com,Reparaciones,No,N/A,WebSearch - Directorio Local
Maridos a Domicilio,Zona Oeste / Zona Norte,(011) 4730-5000,info@maridos-a-domicilio.com,Múltiples servicios,Sí,http://www.maridos-a-domicilio.com/,WebSearch
López & Hermanos Electricidad,Villa Adelina,(011) 4792-3456,lopezelectricidad@hotmail.com,General,No,N/A,WebSearch - Directorio Local
Plomero.com.ar,CABA / GBA,(011) 2070-4820,mantenimiento@plomero.com.ar,Plomería / Electricidad,Sí,https://www.plomero.com.ar/,WebSearch
Abelon Plomería & Electricidad,Belgrano,(011) 4701-2890,abelon.servicios@gmail.com,General,No,N/A,WebSearch - Directorio Local
Instalaciones y Reparaciones,Zona Sur,(011) 4923-4567,info@instalacionesyreparaciones.com.ar,General,Sí,https://www.instalacionesyreparaciones.com.ar/,WebSearch
